fid,LATITUD,LONGITUD,PROGRESIVA,Z
"1",-34.549768,-58.643817,0,18.03
"2",-34.5498146071932,-58.6436051837267,20.11,14.37
"3",-34.5498612140088,-58.6433933672701,40.23,13.89
"4",-34.5499078204468,-58.6431815506302,60.34,13.64
"5",-34.5499544265072,-58.6429697338068,80.46,12.85
"6",-34.5500010321899,-58.6427579168001,100.57,11.84
"7",-34.5500476374949,-58.6425460996101,120.68,11.1
"8",-34.5500942424224,-58.6423342822367,140.8,11.05
"9",-34.5501408469722,-58.64212246468,160.91,10
"10",-34.5501874511443,-58.64191064694,181.03,9.19
"11",-34.5502340549388,-58.6416988290166,201.14,8.14
"12",-34.5502806583556,-58.64148701091,221.25,7.52
"13",-34.5503272613948,-58.64127519262,241.37,7.01
"14",-34.5503738640564,-58.6410633741467,261.48,6.67
"15",-34.5504204663403,-58.6408515554901,281.6,6.33
"16",-34.5504670682465,-58.6406397366502,301.71,6.51
"17",-34.5505136697751,-58.640427917627,321.82,5.81
"18",-34.550560270926,-58.6402160984205,341.94,5.67
"19",-34.5506068716993,-58.6400042790308,362.05,5.58
"20",-34.5506534720949,-58.6397924594578,382.17,5.78
"21",-34.5507000721129,-58.6395806397015,402.28,8.4
"22",-34.5507466717532,-58.6393688197619,422.39,23.28
"23",-34.5507932710158,-58.6391569996391,442.51,17.01
"24",-34.5508398699007,-58.6389451793331,462.62,6.9
"25",-34.550886468408,-58.6387333588438,482.74,6.26
"26",-34.5509330665376,-58.6385215381713,502.85,7.05
"27",-34.5509796642896,-58.6383097173155,522.96,7.85
"28",-34.5510262616638,-58.6380978962765,543.08,7.97
"29",-34.5510728586604,-58.6378860750542,563.19,6.5
"30",-34.5511194552793,-58.6376742536488,583.31,6.55
"31",-34.5511660515206,-58.6374624320602,603.42,5.22
"32",-34.5512126473841,-58.6372506102883,623.53,5.22
"33",-34.55125924287,-58.6370387883332,643.65,5.21
"34",-34.5513058379782,-58.636826966195,663.76,5.27
"35",-34.5513524327087,-58.6366151438735,683.88,5.13
"36",-34.5513990270615,-58.6364033213689,703.99,5.03
"37",-34.5514456210366,-58.6361914986811,724.1,5.02
"38",-34.551492214634,-58.6359796758101,744.22,4.96
"39",-34.5515388078538,-58.6357678527559,764.33,4.9
"40",-34.5515854006958,-58.6355560295186,784.45,5.1
"41",-34.5516319931602,-58.6353442060981,804.56,4.98
"42",-34.5516785852468,-58.6351323824945,824.68,5
"43",-34.5517251769558,-58.6349205587078,844.79,4.87
"44",-34.551771768287,-58.6347087347378,864.9,4.8
"45",-34.5518183592406,-58.6344969105848,885.02,4.93
"46",-34.5518649498164,-58.6342850862486,905.13,4.85
"47",-34.5519115400146,-58.6340732617293,925.25,4.89
"48",-34.551958129835,-58.6338614370269,945.36,4.97
"49",-34.5520047192777,-58.6336496121414,965.47,4.96
"50",-34.5520513083427,-58.6334377870728,985.59,4.87
"51",-34.55209789703,-58.633225961821,1005.7,4.9
"52",-34.5521444853396,-58.6330141363862,1025.82,5.42
"53",-34.5521910732715,-58.6328023107683,1045.93,5.27
"54",-34.5522376608256,-58.6325904849673,1066.04,5.05
"55",-34.552284248002,-58.6323786589832,1086.16,5.08
"56",-34.5523308348007,-58.632166832816,1106.27,3.37
"57",-34.5523774212217,-58.6319550064658,1126.39,0.85
"58",-34.552424007265,-58.6317431799325,1146.5,0.65
"59",-34.5524705929305,-58.6315313532162,1166.61,-0.33
"60",-34.5525171782183,-58.6313195263168,1186.73,3.43
"61",-34.5525637631284,-58.6311076992343,1206.84,4.97
"62",-34.5526103476607,-58.6308958719689,1226.96,6.07
"63",-34.5526569318153,-58.6306840445204,1247.07,4.64
"64",-34.5527035155922,-58.6304722168888,1267.18,0.98
"65",-34.5527500989913,-58.6302603890742,1287.3,0.68
"66",-34.5527966820127,-58.6300485610767,1307.41,0.43
"67",-34.5528432646564,-58.6298367328961,1327.53,0.62
"68",-34.5528898469223,-58.6296249045325,1347.64,3.81
"69",-34.5529364288105,-58.6294130759858,1367.75,4.63
"70",-34.5529830103209,-58.6292012472562,1387.87,4.47
"71",-34.5530295914536,-58.6289894183437,1407.98,3.8
"72",-34.5530761722085,-58.6287775892481,1428.1,4.65
"73",-34.5531227525857,-58.6285657599695,1448.21,5.77
"74",-34.5531693325852,-58.628353930508,1468.32,5.76
"75",-34.5532159122068,-58.6281421008635,1488.44,6.57
"76",-34.5532624914508,-58.6279302710361,1508.55,7.07
"77",-34.5533090703169,-58.6277184410256,1528.67,7.41
"78",-34.5533556488053,-58.6275066108323,1548.78,6.85
"79",-34.553402226916,-58.627294780456,1568.89,6.88
"80",-34.5534488046489,-58.6270829498967,1589.01,3.1
"81",-34.553495382004,-58.6268711191545,1609.12,3.18
"82",-34.5535419589813,-58.6266592882294,1629.24,4.42
"83",-34.5535885355809,-58.6264474571214,1649.35,6.3
"84",-34.5536351118028,-58.6262356258304,1669.46,5.88
"85",-34.5536816876468,-58.6260237943565,1689.58,8.69
"86",-34.5537282631131,-58.6258119626998,1709.69,8.08
"87",-34.5537748382016,-58.6256001308601,1729.81,5.24
"88",-34.5538214129123,-58.6253882988375,1749.92,4.72
"89",-34.5538679872453,-58.6251764666321,1770.03,5.19
"90",-34.5539145612005,-58.6249646342437,1790.15,5.67
"91",-34.5539611347779,-58.6247528016725,1810.26,5.61
"92",-34.5540077079775,-58.6245409689184,1830.38,7.2
"93",-34.5540542807993,-58.6243291359814,1850.49,6.05
"94",-34.5541008532433,-58.6241173028616,1870.6,5.5
"95",-34.5541474253096,-58.6239054695589,1890.72,5.49
"96",-34.5541939969981,-58.6236936360734,1910.83,5.11
"97",-34.5542405683088,-58.623481802405,1930.95,5.4
"98",-34.5542871392416,-58.6232699685538,1951.06,1.65
"99",-34.5543337097967,-58.6230581345197,1971.17,5.54
"100",-34.554380279974,-58.6228463003028,1991.29,4.81
"101",-34.5544268497735,-58.6226344659031,2011.4,4.74
"102",-34.5544734191952,-58.6224226313206,2031.52,4.77
"103",-34.5545199882391,-58.6222107965553,2051.63,4.68
"104",-34.5545665569052,-58.6219989616071,2071.74,4.8
"105",-34.5546131251935,-58.6217871264762,2091.86,4.54
"106",-34.554659693104,-58.6215752911624,2111.97,4.63
"107",-34.5547062606367,-58.6213634556659,2132.09,4.6
"108",-34.5547528277916,-58.6211516199866,2152.2,4.68
"109",-34.5547993945686,-58.6209397841245,2172.31,4.76
"110",-34.5548459609679,-58.6207279480796,2192.43,4.88
"111",-34.5548925269893,-58.620516111852,2212.54,6.35
"112",-34.5549390926329,-58.6203042754416,2232.66,6.43
"113",-34.5549856578987,-58.6200924388484,2252.77,6.13
"114",-34.5550322227867,-58.6198806020725,2272.88,6.02
"115",-34.5550787872969,-58.6196687651138,2293,5.43
"116",-34.5551253514292,-58.6194569279724,2313.11,5.35
"117",-34.5551719151837,-58.6192450906483,2333.23,4.98
"118",-34.5552184785604,-58.6190332531415,2353.34,9
"119",-34.5552650415593,-58.6188214154519,2373.45,7.08
"120",-34.5553116041803,-58.6186095775796,2393.57,6.05
"121",-34.5553581664235,-58.6183977395246,2413.68,8.04
"122",-34.5554047282889,-58.6181859012868,2433.8,8.17
"123",-34.5554512897764,-58.6179740628664,2453.91,4.84
"124",-34.5554978508861,-58.6177622242633,2474.03,8.37
"125",-34.555544411618,-58.6175503854775,2494.14,5.28
"126",-34.555590971972,-58.617338546509,2514.25,7.28
"127",-34.5556375319482,-58.6171267073578,2534.37,4.76
"128",-34.5556840915465,-58.616914868024,2554.48,4.92
"129",-34.555730650767,-58.6167030285075,2574.6,4.84
"130",-34.5557772096096,-58.6164911888083,2594.71,7.83
"131",-34.5558237680744,-58.6162793489265,2614.82,6.89
"132",-34.5558703261614,-58.616067508862,2634.94,6.56
"133",-34.5559168838705,-58.6158556686149,2655.05,10.39
"134",-34.5559634412017,-58.6156438281851,2675.17,7.35
"135",-34.5560099981551,-58.6154319875727,2695.28,4.53
"136",-34.5560565547307,-58.6152201467777,2715.39,5.86
"137",-34.5561031109283,-58.6150083058,2735.51,8.81
"138",-34.5561496667482,-58.6147964646398,2755.62,6.95
"139",-34.5561962221901,-58.6145846232969,2775.74,5.47
"140",-34.5562427772542,-58.6143727817714,2795.85,7.42
"141",-34.5562893319404,-58.6141609400633,2815.96,8.42
"142",-34.5563358862488,-58.6139490981726,2836.08,5.03
"143",-34.5563824401793,-58.6137372560993,2856.19,10.73
"144",-34.5564289937319,-58.6135254138435,2876.31,10.75
"145",-34.5564755469067,-58.613313571405,2896.42,5.62
"146",-34.5565220997035,-58.613101728784,2916.53,5.61
"147",-34.5565686521226,-58.6128898859804,2936.65,7.48
"148",-34.5566152041637,-58.6126780429943,2956.76,8.67
"149",-34.5566617558269,-58.6124661998256,2976.88,6.39
"150",-34.5567083071123,-58.6122543564743,2996.99,11.6
"151",-34.5567548580198,-58.6120425129405,3017.1,10.31
"152",-34.5568014085494,-58.6118306692242,3037.22,8.95
"153",-34.5568479587011,-58.6116188253253,3057.33,7.95
"154",-34.556894508475,-58.6114069812439,3077.45,8.64
"155",-34.5569410578709,-58.61119513698,3097.56,4.86
"156",-34.556987606889,-58.6109832925335,3117.67,8.05
"157",-34.5570341555291,-58.6107714479046,3137.79,7.8
"158",-34.5570807037914,-58.6105596030931,3157.9,6.58
"159",-34.5571272516758,-58.6103477580992,3178.02,6.71
"160",-34.5571737991823,-58.6101359129227,3198.13,10.65
"161",-34.5572203463108,-58.6099240675637,3218.24,10.4
"162",-34.5572668930615,-58.6097122220223,3238.36,8.46
"163",-34.5573134394343,-58.6095003762984,3258.47,8.5
"164",-34.5573599854292,-58.609288530392,3278.59,7.85
"165",-34.5574065310462,-58.6090766843032,3298.7,6.41
"166",-34.5574530762852,-58.6088648380318,3318.81,4.94
"167",-34.5574996211464,-58.6086529915781,3338.93,4.77
"168",-34.5575461656296,-58.6084411449418,3359.04,5.01
"169",-34.557592709735,-58.6082292981232,3379.16,9.35
"170",-34.5576392534624,-58.6080174511221,3399.27,8.15
"171",-34.5576857968119,-58.6078056039385,3419.38,7.94
"172",-34.5577323397835,-58.6075937565725,3439.5,8.28
"173",-34.5577788823772,-58.6073819090241,3459.61,6.03
"174",-34.5578254245929,-58.6071700612933,3479.73,7.29
"175",-34.5578719664307,-58.6069582133801,3499.84,8.48
"176",-34.5579185078907,-58.6067463652845,3519.95,8.64
"177",-34.5579650489726,-58.6065345170064,3540.07,7.61
"178",-34.5580115896767,-58.606322668546,3560.18,8.35
"179",-34.5580581300028,-58.6061108199032,3580.3,14.82
"180",-34.558104669951,-58.605898971078,3600.41,13.91
"181",-34.5581512095213,-58.6056871220704,3620.52,9.7
"182",-34.5581977487136,-58.6054752728804,3640.64,18.7
"183",-34.558244287528,-58.6052634235081,3660.75,18.19
"184",-34.5582908259645,-58.6050515739534,3680.87,14.72
"185",-34.558337364023,-58.6048397242164,3700.98,17.91
"186",-34.5583839017036,-58.604627874297,3721.09,18.67
"187",-34.5584304390062,-58.6044160241952,3741.21,18.85
"188",-34.5584769759309,-58.6042041739112,3761.32,18.83
"189",-34.5585235124776,-58.6039923234447,3781.44,9.38
"190",-34.5585700486464,-58.603780472796,3801.55,12.31
"191",-34.5586165844373,-58.6035686219649,3821.66,10.56
"192",-34.5586631198502,-58.6033567709515,3841.78,11.42
"193",-34.5587096548852,-58.6031449197558,3861.89,14.44
"194",-34.5587561895421,-58.6029330683778,3882.01,13.08
"195",-34.5588027238212,-58.6027212168175,3902.12,10.83
"196",-34.5588492577223,-58.6025093650749,3922.23,11.74
"197",-34.5588957912454,-58.60229751315,3942.35,11.59
"198",-34.5589423243906,-58.6020856610428,3962.46,12.7
"199",-34.5589888571578,-58.6018738087534,3982.58,12.06
"200",-34.559035389547,-58.6016619562817,4002.69,13.29
"201",-34.5590819215583,-58.6014501036277,4022.81,14.69
"202",-34.5591284531916,-58.6012382507914,4042.92,10.3
"203",-34.5591749844469,-58.6010263977729,4063.03,10.97
"204",-34.5592215153243,-58.6008145445721,4083.15,11.17
"205",-34.5592680458237,-58.6006026911891,4103.26,16.11
"206",-34.5593145759451,-58.6003908376239,4123.38,14.24
"207",-34.5593611056885,-58.6001789838764,4143.49,12.16
"208",-34.559407635054,-58.5999671299466,4163.6,12.9
"209",-34.5594541640415,-58.5997552758347,4183.72,10.93
"210",-34.559500692651,-58.5995434215405,4203.83,12.99
"211",-34.5595472208825,-58.5993315670642,4223.95,10.34
"212",-34.5595937487361,-58.5991197124056,4244.06,15.33
"213",-34.5596402762116,-58.5989078575648,4264.17,14.38
"214",-34.5596868033092,-58.5986960025418,4284.29,15.87
"215",-34.5597333300288,-58.5984841473367,4304.4,12.54
"216",-34.5597798563704,-58.5982722919493,4324.52,14.94
"217",-34.559826382334,-58.5980604363798,4344.63,13.67
"218",-34.5598729079196,-58.5978485806281,4364.74,10.71
"219",-34.5599194331272,-58.5976367246942,4384.86,14.15
"220",-34.5599659579568,-58.5974248685782,4404.97,13.59
"221",-34.5600124824084,-58.59721301228,4425.09,15.68
"222",-34.560059006482,-58.5970011557997,4445.2,13.56
"223",-34.5601055301776,-58.5967892991372,4465.31,18.81
"224",-34.5601520534952,-58.5965774422926,4485.43,15.17
"225",-34.5601985764348,-58.5963655852658,4505.54,12.66
"226",-34.5602450989964,-58.5961537280569,4525.66,12.03
"227",-34.56029162118,-58.5959418706659,4545.77,14.5
"228",-34.5603381429855,-58.5957300130928,4565.88,18.96
"229",-34.5603846644131,-58.5955181553375,4586,16.11
"230",-34.5604311854626,-58.5953062974002,4606.11,16.24
"231",-34.5604777061341,-58.5950944392808,4626.23,19.75
"232",-34.5605242264276,-58.5948825809792,4646.34,17.61
"233",-34.5605707463431,-58.5946707224956,4666.45,18.58
"234",-34.5606172658806,-58.5944588638299,4686.57,20.54
"235",-34.56066378504,-58.5942470049821,4706.68,20.39
"236",-34.5607103038215,-58.5940351459522,4726.8,22.61
"237",-34.5607568222249,-58.5938232867403,4746.91,18.08
"238",-34.5608033402502,-58.5936114273463,4767.02,19.62
"239",-34.5608498578976,-58.5933995677702,4787.14,21.59
"240",-34.5608963751669,-58.5931877080121,4807.25,19.76
"241",-34.5609428920581,-58.5929758480719,4827.37,15.87
"242",-34.5609894085714,-58.5927639879498,4847.48,23.09
"243",-34.5610359247066,-58.5925521276455,4867.59,22.17
"244",-34.5610824404637,-58.5923402671593,4887.71,18.62
"245",-34.5611289558429,-58.592128406491,4907.82,21.25
"246",-34.5611754708439,-58.5919165456407,4927.94,21.81
"247",-34.561221985467,-58.5917046846084,4948.05,16.96
"248",-34.561268499712,-58.5914928233941,4968.16,14.63
"249",-34.5613150135789,-58.5912809619977,4988.28,17.78
"250",-34.5613615270678,-58.5910691004194,5008.39,15.72
"251",-34.5614080401787,-58.5908572386591,5028.51,21.93
"252",-34.5614545529115,-58.5906453767168,5048.62,18.43
"253",-34.5615010652662,-58.5904335145926,5068.73,24.14
"254",-34.5615475772429,-58.5902216522863,5088.85,23.97
"255",-34.5615940888416,-58.5900097897981,5108.96,23.42
"256",-34.5616406000621,-58.589797927128,5129.08,20.8
"257",-34.5616871109047,-58.5895860642758,5149.19,21.98
"258",-34.5617336213691,-58.5893742012418,5169.3,16.56
"259",-34.5617801314555,-58.5891623380257,5189.42,16.09
"260",-34.5618266411638,-58.5889504746278,5209.53,16.53
"261",-34.5618731504941,-58.5887386110479,5229.65,15.23
"262",-34.5619196594463,-58.588526747286,5249.76,14.84
"263",-34.5619661680204,-58.5883148833423,5269.87,15.07
"264",-34.5620126762165,-58.5881030192166,5289.99,15.04
"265",-34.5620591840345,-58.5878911549091,5310.1,14.65
"266",-34.5621056914744,-58.5876792904196,5330.22,14.31
"267",-34.5621521985362,-58.5874674257482,5350.33,14.27
"268",-34.5621987052199,-58.5872555608949,5370.44,14.16
"269",-34.5622452115256,-58.5870436958597,5390.56,13.99
"270",-34.5622917174532,-58.5868318306427,5410.67,13.58
"271",-34.5623382230027,-58.5866199652437,5430.79,14.07
"272",-34.5623847281741,-58.5864080996629,5450.9,13.92
"273",-34.5624312329675,-58.5861962339003,5471.01,13.52
"274",-34.5624777373827,-58.5859843679557,5491.13,13.06
"275",-34.5625242414199,-58.5857725018293,5511.24,12.81
"276",-34.562570745079,-58.5855606355211,5531.36,12.75
"277",-34.5626172483599,-58.585348769031,5551.47,12.39
"278",-34.5626637512628,-58.5851369023591,5571.59,11.8
"279",-34.5627102537876,-58.5849250355053,5591.7,11.47
"280",-34.5627567559343,-58.5847131684697,5611.81,11.21
"281",-34.5628032577028,-58.5845013012523,5631.93,11.09
"282",-34.5628497590933,-58.5842894338531,5652.04,10.75
"283",-34.5628962601057,-58.584077566272,5672.16,10.44
"284",-34.56294276074,-58.5838656985092,5692.27,13.02
"285",-34.5629892609962,-58.5836538305645,5712.38,12.54
"286",-34.5630357608742,-58.5834419624381,5732.5,12.19
"287",-34.5630822603742,-58.5832300941298,5752.61,10.14
"288",-34.563128759496,-58.5830182256398,5772.73,11.03
"289",-34.5631752582397,-58.582806356968,5792.84,10.38
"290",-34.5632217566053,-58.5825944881144,5812.95,10.91
"291",-34.5632682545928,-58.5823826190791,5833.07,10.83
"292",-34.5633147522022,-58.582170749862,5853.18,10.52
"293",-34.5633612494334,-58.5819588804631,5873.3,10.53
"294",-34.5634077462866,-58.5817470108825,5893.41,11.92
"295",-34.5634542427616,-58.5815351411202,5913.52,11.32
"296",-34.5635007388585,-58.5813232711761,5933.64,11.2
"297",-34.5635472345772,-58.5811114010503,5953.75,11.3
"298",-34.5635937299178,-58.5808995307427,5973.87,14.17
"299",-34.5636402248803,-58.5806876602534,5993.98,17.45
"300",-34.5636867194647,-58.5804757895824,6014.09,18.89
"301",-34.5637332136709,-58.5802639187297,6034.21,22.38
"302",-34.563779707499,-58.5800520476953,6054.32,22.43
"303",-34.563826200949,-58.5798401764792,6074.44,16.67
"304",-34.5638726940208,-58.5796283050814,6094.55,20.87
"305",-34.5639191867145,-58.5794164335019,6114.66,17.43
"306",-34.56396567903,-58.5792045617407,6134.78,17.13
"307",-34.5640121709674,-58.5789926897978,6154.89,19.12
"308",-34.5640586625267,-58.5787808176733,6175.01,21.27
"309",-34.5641051537078,-58.5785689453671,6195.12,20.19
"310",-34.5641516445107,-58.5783570728792,6215.23,20.16
"311",-34.5641981349355,-58.5781452002097,6235.35,12.82
"312",-34.5642446249822,-58.5779333273585,6255.46,14.16
"313",-34.5642911146507,-58.5777214543257,6275.58,14.14
"314",-34.564337603941,-58.5775095811112,6295.69,22.15
"315",-34.5643840928532,-58.5772977077151,6315.8,12.29
"316",-34.5644305813872,-58.5770858341374,6335.92,12.67
"317",-34.5644770695431,-58.5768739603781,6356.03,12.57
"318",-34.5645235573208,-58.5766620864371,6376.15,14.62
"319",-34.5645700447204,-58.5764502123145,6396.26,16.43
"320",-34.5646165317417,-58.5762383380103,6416.37,16.69
"321",-34.5646630183849,-58.5760264635246,6436.49,14.59
"322",-34.56470950465,-58.5758145888572,6456.6,14.46
"323",-34.5647559905369,-58.5756027140082,6476.72,14.19
"324",-34.5648024760455,-58.5753908389777,6496.83,14.01
"325",-34.5648489611761,-58.5751789637655,6516.94,12.19
"326",-34.5648954459284,-58.5749670883718,6537.06,13.68
"327",-34.5649419303026,-58.5747552127966,6557.17,11.2
"328",-34.5649884142986,-58.5745433370397,6577.29,15.25
"329",-34.5650348979164,-58.5743314611014,6597.4,12.32
"330",-34.565081381156,-58.5741195849814,6617.51,14.44
"331",-34.5651278640175,-58.5739077086799,6637.63,14.35
"332",-34.5651743465007,-58.5736958321969,6657.74,16.14
"333",-34.5652208286058,-58.5734839555324,6677.86,11.18
"334",-34.5652673103327,-58.5732720786863,6697.97,15.52
"335",-34.5653137916814,-58.5730602016587,6718.08,11.89
"336",-34.5653602726519,-58.5728483244496,6738.2,13.71
"337",-34.5654067532442,-58.5726364470589,6758.31,14.96
"338",-34.5654532334583,-58.5724245694868,6778.43,13.07
"339",-34.5654997132942,-58.5722126917331,6798.54,11.11
"340",-34.5655461927519,-58.572000813798,6818.65,13.77
"341",-34.5655926718315,-58.5717889356814,6838.77,13.14
"342",-34.5656391505328,-58.5715770573832,6858.88,14.36
"343",-34.5656856288559,-58.5713651789037,6879,12.74
"344",-34.5657321068008,-58.5711533002426,6899.11,13.13
"345",-34.5657785843675,-58.5709414214001,6919.22,14.47
"346",-34.565825061556,-58.5707295423761,6939.34,12.4
"347",-34.5658715383662,-58.5705176631706,6959.45,18.56
"348",-34.5659180147983,-58.5703057837837,6979.57,16.34
"349",-34.5659644908522,-58.5700939042154,6999.68,15.13
"350",-34.5660109665278,-58.5698820244656,7019.79,16.52
"351",-34.5660574418252,-58.5696701445344,7039.91,11.75
"352",-34.5661039167444,-58.5694582644218,7060.02,16.22
"353",-34.5661503912854,-58.5692463841277,7080.14,13.75
"354",-34.5661968654481,-58.5690345036522,7100.25,18.95
"355",-34.5662433392327,-58.5688226229953,7120.36,16.29
"356",-34.566289812639,-58.568610742157,7140.48,12.17
"357",-34.5663362856671,-58.5683988611373,7160.59,16.39
"358",-34.5663827583169,-58.5681869799362,7180.71,17.97
"359",-34.5664292305885,-58.5679750985537,7200.82,15
"360",-34.5664757024819,-58.5677632169898,7220.94,16.34
"361",-34.5665221739971,-58.5675513352446,7241.05,13.37
"362",-34.566568645134,-58.567339453318,7261.16,18.11
"363",-34.5666151158926,-58.56712757121,7281.28,17.55
"364",-34.5666615862731,-58.5669156889206,7301.39,18.26
"365",-34.5667080562753,-58.5667038064499,7321.51,20
"366",-34.5667545258992,-58.5664919237979,7341.62,15.68
"367",-34.5668009951449,-58.5662800409645,7361.73,16.12
"368",-34.5668474640124,-58.5660681579497,7381.85,19.89
"369",-34.5668939325016,-58.5658562747536,7401.96,24.33
"370",-34.5669404006126,-58.5656443913762,7422.08,21.84
"371",-34.5669868683453,-58.5654325078175,7442.19,25.02
"372",-34.5670333356998,-58.5652206240775,7462.3,22.87
"373",-34.567079802676,-58.5650087401561,7482.42,23.94
"374",-34.5671262692739,-58.5647968560535,7502.53,25.39
"375",-34.5671727354936,-58.5645849717695,7522.65,21.25
"376",-34.5672192013351,-58.5643730873043,7542.76,23.84
"377",-34.5672656667983,-58.5641612026577,7562.87,22.04
"378",-34.5673121318832,-58.5639493178299,7582.99,20.78
"379",-34.5673585965898,-58.5637374328208,7603.1,24.55
"380",-34.5674050609182,-58.5635255476304,7623.22,22.39
"381",-34.5674515248683,-58.5633136622587,7643.33,22.68
"382",-34.5674979884402,-58.5631017767058,7663.44,22.66
"383",-34.5675444516338,-58.5628898909717,7683.56,20.63
"384",-34.5675909144491,-58.5626780050563,7703.67,28.06
"385",-34.5676373768861,-58.5624661189596,7723.79,28.8
"386",-34.5676838389448,-58.5622542326817,7743.9,24.67
"387",-34.5677303006253,-58.5620423462226,7764.01,22.82
"388",-34.5677767619275,-58.5618304595822,7784.13,26.3
"389",-34.5678232228514,-58.5616185727606,7804.24,26.38
"390",-34.5678696833971,-58.5614066857578,7824.36,22.44
"391",-34.5679161435644,-58.5611947985738,7844.47,30.27
"392",-34.5679626033535,-58.5609829112086,7864.58,31.16
"393",-34.5680090627642,-58.5607710236622,7884.7,25.33
"394",-34.5680555217967,-58.5605591359346,7904.81,39.86
"395",-34.5681019804509,-58.5603472480258,7924.93,47.11
"396",-34.5681484387268,-58.5601353599358,7945.04,41.17
"397",-34.5681948966244,-58.5599234716646,7965.15,33.45
"398",-34.5682413541437,-58.5597115832123,7985.27,29.9
"399",-34.5682878112847,-58.5594996945788,8005.38,27.79
"400",-34.5683342680475,-58.5592878057641,8025.5,28.64
"401",-34.5683807244319,-58.5590759167683,8045.61,26.48
"402",-34.568427180438,-58.5588640275914,8065.72,27.18
"403",-34.5684736360658,-58.5586521382332,8085.84,28.98
"404",-34.5685200913153,-58.558440248694,8105.95,31.42
"405",-34.5685665461865,-58.5582283589736,8126.07,33.81
"406",-34.5686130006794,-58.5580164690721,8146.18,34.82
"407",-34.5686594547939,-58.5578045789895,8166.29,36.07
"408",-34.5687059085302,-58.5575926887257,8186.41,34.11
"409",-34.5687523618881,-58.5573807982808,8206.52,33.28
"410",-34.5687988148678,-58.5571689076549,8226.64,31.39
"411",-34.5688452674691,-58.5569570168478,8246.75,32.11
"412",-34.5688917196921,-58.5567451258596,8266.86,27.22
"413",-34.5689381715367,-58.5565332346904,8286.98,27
"414",-34.5689846230031,-58.5563213433401,8307.09,27.06
"415",-34.5690310740911,-58.5561094518086,8327.21,29.64
"416",-34.5690775248008,-58.5558975600962,8347.32,29.37
"417",-34.5691239751322,-58.5556856682026,8367.43,28.62
"418",-34.5691704250852,-58.555473776128,8387.55,39.13
"419",-34.5692168746599,-58.5552618838723,8407.66,46.33
"420",-34.5692633238563,-58.5550499914356,8427.78,39.24
"421",-34.5693097726743,-58.5548380988178,8447.89,26.98
"422",-34.569356221114,-58.554626206019,8468,35.08
"423",-34.5694026691754,-58.5544143130392,8488.12,29.06
"424",-34.5694491168584,-58.5542024198783,8508.23,36.3
"425",-34.5694955641631,-58.5539905265364,8528.35,37.62
"426",-34.5695420110894,-58.5537786330135,8548.46,27.54
"427",-34.5695884576374,-58.5535667393096,8568.57,25.74
"428",-34.5696349038071,-58.5533548454247,8588.69,25.64
"429",-34.5696813495984,-58.5531429513588,8608.8,25.68
"430",-34.5697277950113,-58.5529310571119,8628.92,25.31
"431",-34.5697742400459,-58.552719162684,8649.03,28.27
"432",-34.5698206847022,-58.5525072680751,8669.14,25.81
"433",-34.5698671289801,-58.5522953732852,8689.26,27.17
"434",-34.5699135728796,-58.5520834783144,8709.37,31.91
"435",-34.5699600164008,-58.5518715831626,8729.49,27.96
"436",-34.5700064595436,-58.5516596878298,8749.6,26.76
"437",-34.5700529023081,-58.5514477923161,8769.72,26.85
"438",-34.5700993446941,-58.5512358966214,8789.83,29.4
"439",-34.5701457867019,-58.5510240007458,8809.94,25.23
"440",-34.5701922283312,-58.5508121046893,8830.06,29.71
"441",-34.5702386695822,-58.5506002084518,8850.17,29.52
"442",-34.5702851104549,-58.5503883120334,8870.29,29.99
"443",-34.5703315509491,-58.550176415434,8890.4,24.45
"444",-34.570377991065,-58.5499645186538,8910.51,28.22
"445",-34.5704244308025,-58.5497526216926,8930.63,28.79
"446",-34.5704708701616,-58.5495407245506,8950.74,26.81
"447",-34.5705173091424,-58.5493288272276,8970.86,28.18
"448",-34.5705637477448,-58.5491169297237,8990.97,26.27
"449",-34.5706101859687,-58.548905032039,9011.08,28.61
"450",-34.5706566238144,-58.5486931341733,9031.2,25.59
"451",-34.5707030612816,-58.5484812361268,9051.31,27.39
"452",-34.5707494983704,-58.5482693378995,9071.43,30.73
"453",-34.5707959350809,-58.5480574394912,9091.54,25.21
"454",-34.5708423714129,-58.5478455409021,9111.65,23.59
"455",-34.5708888073666,-58.5476336421321,9131.77,27.19
"456",-34.5709352429419,-58.5474217431813,9151.88,27.5
"457",-34.5709816781387,-58.5472098440497,9172,26.63
"458",-34.5710281129572,-58.5469979447372,9192.11,28.68
"459",-34.5710745473973,-58.5467860452438,9212.22,25.68
"460",-34.571120981459,-58.5465741455697,9232.34,27.3
"461",-34.5711674151423,-58.5463622457147,9252.45,30.39
"462",-34.5712138484471,-58.5461503456789,9272.57,25.06
"463",-34.5712602813736,-58.5459384454623,9292.68,23.08
"464",-34.5713067139217,-58.5457265450649,9312.79,30.3
"465",-34.5713531460914,-58.5455146444867,9332.91,28.6
"466",-34.5713995778826,-58.5453027437277,9353.02,31.59
"467",-34.5714460092954,-58.5450908427879,9373.14,29.68
"468",-34.5714924403299,-58.5448789416673,9393.25,27.77
"469",-34.5715388709859,-58.544667040366,9413.36,22.85
"470",-34.5715853012635,-58.5444551388838,9433.48,24.52
"471",-34.5716317311627,-58.5442432372209,9453.59,25.58
"472",-34.5716781606834,-58.5440313353773,9473.71,26.36
"473",-34.5717245898257,-58.5438194333529,9493.82,25.4
"474",-34.5717710185897,-58.5436075311477,9513.93,26.36
"475",-34.5718174469751,-58.5433956287618,9534.05,23.73
"476",-34.5718638749822,-58.5431837261952,9554.16,26.6
"477",-34.5719103026108,-58.5429718234478,9574.28,20.5
"478",-34.571956729861,-58.5427599205197,9594.39,24.23
"479",-34.5720031567328,-58.5425480174109,9614.5,25.38
"480",-34.5720495832261,-58.5423361141213,9634.62,22.59
"481",-34.572096009341,-58.5421242106511,9654.73,20.79
"482",-34.5721424350775,-58.5419123070001,9674.85,23.24
"483",-34.5721888604355,-58.5417004031685,9694.96,26.12
"484",-34.5722352854151,-58.5414884991561,9715.07,22.29
"485",-34.5722817100163,-58.5412765949631,9735.19,19.62
"486",-34.572328134239,-58.5410646905894,9755.3,28.77
"487",-34.5723745580832,-58.540852786035,9775.42,23.09
"488",-34.572420981549,-58.5406408812999,9795.53,24.26
"489",-34.5724674046364,-58.5404289763842,9815.64,23.25
"490",-34.5725138273453,-58.5402170712878,9835.76,22.94
"491",-34.5725602496758,-58.5400051660108,9855.87,26.14
"492",-34.5726066716278,-58.5397932605531,9875.99,24.43
"493",-34.5726530932013,-58.5395813549147,9896.1,22.82
"494",-34.5726995143964,-58.5393694490957,9916.21,20.24
"495",-34.5727459352131,-58.5391575430961,9936.33,21.06
"496",-34.5727923556512,-58.5389456369159,9956.44,23.04
"497",-34.5728387757109,-58.538733730555,9976.56,25.46
"498",-34.5728851953922,-58.5385218240135,9996.67,22.27
"499",-34.572931614695,-58.5383099172915,10016.78,22.49
"500",-34.5729780336193,-58.5380980103888,10036.9,22.27
"501",-34.5730244521651,-58.5378861033055,10057.01,26.26
"502",-34.5730708703325,-58.5376741960416,10077.13,29.07
"503",-34.5731172881214,-58.5374622885971,10097.24,23.95
"504",-34.5731637055319,-58.5372503809721,10117.35,19.97
"505",-34.5732101225638,-58.5370384731664,10137.47,20.37
"506",-34.5732565392173,-58.5368265651802,10157.58,22.47
"507",-34.5733029554923,-58.5366146570135,10177.7,20.5
"508",-34.5733493713889,-58.5364027486661,10197.81,18.21
"509",-34.5733957869069,-58.5361908401382,10217.92,27.02
"510",-34.5734422020465,-58.5359789314298,10238.04,21.74
"511",-34.5734886168075,-58.5357670225408,10258.15,22.82
"512",-34.5735350311901,-58.5355551134713,10278.27,22.04
"513",-34.5735814451942,-58.5353432042213,10298.38,23.44
"514",-34.5736278588199,-58.5351312947907,10318.5,20.86
"515",-34.573674272067,-58.5349193851796,10338.61,20.4
"516",-34.5737206849356,-58.534707475388,10358.72,18.79
"517",-34.5737670974257,-58.5344955654159,10378.84,24.21
"518",-34.5738135095374,-58.5342836552632,10398.95,22.49
"519",-34.5738599212705,-58.5340717449301,10419.07,27.63
"520",-34.5739063326251,-58.5338598344165,10439.18,25.86
"521",-34.5739527436013,-58.5336479237224,10459.29,29.6
"522",-34.5739991541989,-58.5334360128478,10479.41,34.84
"523",-34.574045564418,-58.5332241017927,10499.52,34.47
"524",-34.5740919742586,-58.5330121905572,10519.64,21.76
"525",-34.5741383837207,-58.5328002791412,10539.75,24.08
"526",-34.5741847928044,-58.5325883675447,10559.86,20.04
"527",-34.5742312015094,-58.5323764557678,10579.98,27.95
"528",-34.574277609836,-58.5321645438105,10600.09,28.25
"529",-34.5743240177841,-58.5319526316726,10620.21,23.47
"530",-34.5743704253536,-58.5317407193544,10640.32,22.5
"531",-34.5744168325446,-58.5315288068557,10660.43,23.21
"532",-34.5744632393571,-58.5313168941766,10680.55,18
"533",-34.5745096457911,-58.5311049813171,10700.66,19.36
"534",-34.5745560518466,-58.5308930682771,10720.78,18.2
"535",-34.5746024575235,-58.5306811550568,10740.89,17.18
"536",-34.5746488628219,-58.530469241656,10761,17.2
"537",-34.5746952677418,-58.5302573280749,10781.12,18.18
"538",-34.5747416722832,-58.5300454143133,10801.23,21.88
"539",-34.574788076446,-58.5298335003714,10821.35,19.7
"540",-34.5748344802303,-58.5296215862491,10841.46,20.53
"541",-34.574880883636,-58.5294096719464,10861.57,19.68
"542",-34.5749272866632,-58.5291977574633,10881.69,19.41
"543",-34.5749736893119,-58.5289858427999,10901.8,19.36
"544",-34.575020091582,-58.5287739279561,10921.92,20.19
"545",-34.5750664934736,-58.5285620129319,10942.03,22.53
"546",-34.5751128949867,-58.5283500977274,10962.14,17.63
"547",-34.5751592961212,-58.5281381823426,10982.26,14.46
"548",-34.5752056968771,-58.5279262667774,11002.37,22.65
"549",-34.5752520972545,-58.5277143510319,11022.49,20.95
"550",-34.5752984972534,-58.5275024351061,11042.6,17.7
"551",-34.5753448968737,-58.5272905189999,11062.71,21.09
"552",-34.5753912961154,-58.5270786027135,11082.83,17.98
"553",-34.5754376949786,-58.5268666862467,11102.94,18.09
"554",-34.5754840934633,-58.5266547695996,11123.06,16.97
"555",-34.5755304915694,-58.5264428527722,11143.17,16.43
"556",-34.5755768892969,-58.5262309357645,11163.28,16.48
"557",-34.5756232866458,-58.5260190185766,11183.4,26.88
"558",-34.5756696836162,-58.5258071012083,11203.51,20.27
"559",-34.5757160802081,-58.5255951836598,11223.63,18.72
"560",-34.5757624764213,-58.525383265931,11243.74,19.44
"561",-34.575808872256,-58.525171348022,11263.85,20.39
"562",-34.5758552677122,-58.5249594299326,11283.97,18.02
"563",-34.5759016627897,-58.5247475116631,11304.08,22.06
"564",-34.5759480574887,-58.5245355932132,11324.2,17.52
"565",-34.5759944518091,-58.5243236745832,11344.31,22.01
"566",-34.5760408457509,-58.5241117557729,11364.42,16.82
"567",-34.5760872393142,-58.5238998367824,11384.54,19.11
"568",-34.5761336324988,-58.5236879176116,11404.65,18.04
"569",-34.5761800253049,-58.5234759982606,11424.77,18.05
"570",-34.5762264177324,-58.5232640787294,11444.88,19.36
"571",-34.5762728097813,-58.523052159018,11464.99,20.95
"572",-34.5763192014517,-58.5228402391264,11485.11,19.58
"573",-34.5763655927434,-58.5226283190546,11505.22,21.88
"574",-34.5764119836566,-58.5224163988026,11525.34,27.84
"575",-34.5764583741911,-58.5222044783704,11545.45,23.57
"576",-34.5765047643471,-58.521992557758,11565.56,22.82
"577",-34.5765511541245,-58.5217806369655,11585.68,22.17
"578",-34.5765975435232,-58.5215687159928,11605.79,26.14
"579",-34.5766439325434,-58.5213567948399,11625.91,27.17
"580",-34.576690321185,-58.5211448735069,11646.02,19.47
"581",-34.576736709448,-58.5209329519937,11666.13,19.24
"582",-34.5767830973323,-58.5207210303003,11686.25,19.64
"583",-34.5768294848381,-58.5205091084269,11706.36,19.52
"584",-34.5768758719653,-58.5202971863732,11726.48,33.45
"585",-34.5769222587138,-58.5200852641395,11746.59,25.23
"586",-34.5769686450838,-58.5198733417256,11766.7,21.23
"587",-34.5770150310751,-58.5196614191316,11786.82,21.22
"588",-34.5770614166878,-58.5194494963575,11806.93,32.27
"589",-34.5771078019219,-58.5192375734033,11827.05,31.09
"590",-34.5771541867774,-58.5190256502689,11847.16,26.4
"591",-34.5772005712543,-58.5188137269545,11867.27,32.55
"592",-34.5772469553525,-58.51860180346,11887.39,30.91
"593",-34.5772933390721,-58.5183898797854,11907.5,32.67
"594",-34.5773397224131,-58.5181779559307,11927.62,31.78
"595",-34.5773861053755,-58.5179660318959,11947.73,23.2
"596",-34.5774324879592,-58.5177541076811,11967.85,35.39
"597",-34.5774788701644,-58.5175421832862,11987.96,34.17
"598",-34.5775252519908,-58.5173302587113,12008.07,28.13
"599",-34.5775716334387,-58.5171183339562,12028.19,22.45
"600",-34.5776180145079,-58.5169064090212,12048.3,21.57
"601",-34.5776643951985,-58.5166944839061,12068.42,21.63
"602",-34.5777107755105,-58.516482558611,12088.53,18.99
"603",-34.5777571554438,-58.5162706331358,12108.64,20.59
"604",-34.5778035349984,-58.5160587074806,12128.76,28.16
"605",-34.5778499141745,-58.5158467816454,12148.87,28.17
"606",-34.5778962929719,-58.5156348556301,12168.99,28.01
"607",-34.5779426713906,-58.5154229294349,12189.1,27.55
"608",-34.5779890494307,-58.5152110030597,12209.21,19.85
"609",-34.5780354270921,-58.5149990765044,12229.33,18.53
"610",-34.5780818043749,-58.5147871497692,12249.44,18.63
"611",-34.5781281812791,-58.514575222854,12269.56,18.16
"612",-34.5781745578046,-58.5143632957588,12289.67,17.94
"613",-34.5782209339514,-58.5141513684836,12309.78,17.12
"614",-34.5782673097196,-58.5139394410285,12329.9,16.49
"615",-34.5783136851091,-58.5137275133934,12350.01,15.01
"616",-34.57836006012,-58.5135155855783,12370.13,15.59
"617",-34.5784064347522,-58.5133036575833,12390.24,15.37
"618",-34.5784528090057,-58.5130917294083,12410.35,27.57
"619",-34.5784991828805,-58.5128798010534,12430.47,40.59
"620",-34.5785455563767,-58.5126678725185,12450.58,20.31
"621",-34.5785919294943,-58.5124559438038,12470.7,24.84
"622",-34.5786383022331,-58.512244014909,12490.81,31.82
"623",-34.5786846745933,-58.5120320858344,12510.92,20.07
"624",-34.5787310465749,-58.5118201565799,12531.04,15.97
"625",-34.5787774181777,-58.5116082271454,12551.15,20.52
"626",-34.5788237894019,-58.5113962975311,12571.27,20.64
"627",-34.5788701602473,-58.5111843677368,12591.38,23.24
"628",-34.5789165307142,-58.5109724377627,12611.49,17.66
"629",-34.5789629008023,-58.5107605076087,12631.61,19.56
"630",-34.5790092705117,-58.5105485772748,12651.72,23.03
"631",-34.5790556398425,-58.510336646761,12671.84,17.76
"632",-34.5791020087945,-58.5101247160673,12691.95,22.17
"633",-34.5791483773679,-58.5099127851938,12712.06,22.82
"634",-34.5791947455626,-58.5097008541404,12732.18,21.12
"635",-34.5792411133786,-58.5094889229072,12752.29,20
"636",-34.5792874808159,-58.5092769914941,12772.41,23.78
"637",-34.5793338478745,-58.5090650599012,12792.52,22.06
"638",-34.5793802145544,-58.5088531281284,12812.63,22.13
"639",-34.5794265808557,-58.5086411961759,12832.75,26.57
"640",-34.5794729467782,-58.5084292640434,12852.86,22.05
"641",-34.579519312322,-58.5082173317312,12872.98,21.97
"642",-34.5795656774871,-58.5080053992392,12893.09,23.31
"643",-34.5796120422735,-58.5077934665673,12913.2,21.84
"644",-34.5796584066812,-58.5075815337157,12933.32,20.16
"645",-34.5797047707102,-58.5073696006842,12953.43,27.18
"646",-34.5797511343605,-58.507157667473,12973.55,27.76
"647",-34.579797497632,-58.5069457340819,12993.66,25.32
"648",-34.5798438605249,-58.5067338005111,13013.77,28.15
"649",-34.579890223039,-58.5065218667605,13033.89,23.99
"650",-34.5799365851744,-58.5063099328302,13054,24.19
"651",-34.5799829469311,-58.50609799872,13074.12,20.74
"652",-34.5800293083091,-58.5058860644302,13094.23,21.88
"653",-34.5800756693084,-58.5056741299605,13114.34,27.94
"654",-34.5801220299289,-58.5054621953112,13134.46,25.88
"655",-34.5801683901707,-58.505250260482,13154.57,23.8
"656",-34.5802147500338,-58.5050383254732,13174.69,26.99
"657",-34.5802611095182,-58.5048263902846,13194.8,26.04
"658",-34.5803074686238,-58.5046144549163,13214.91,23.86
"659",-34.5803538273507,-58.5044025193682,13235.03,23.49
"660",-34.5804001856988,-58.5041905836405,13255.14,23.89
"661",-34.5804465436683,-58.503978647733,13275.26,24.09
"662",-34.580492901259,-58.5037667116459,13295.37,23.98
"663",-34.5805392584709,-58.503554775379,13315.48,23.85
"664",-34.5805856153041,-58.5033428389325,13335.6,23.29
"665",-34.5806319717586,-58.5031309023062,13355.71,22.95
"666",-34.5806783278343,-58.5029189655003,13375.83,23.66
"667",-34.5807246835313,-58.5027070285147,13395.94,24.35
"668",-34.5807710388495,-58.5024950913495,13416.05,25.05
"669",-34.580817393789,-58.5022831540046,13436.17,36.76
"670",-34.5808637483497,-58.50207121648,13456.28,35.32
"671",-34.5809101025317,-58.5018592787758,13476.4,23.93
"672",-34.580956456335,-58.5016473408919,13496.51,26.95
"673",-34.5810028097594,-58.5014354028284,13516.63,24.29
"674",-34.5810491628052,-58.5012234645852,13536.74,24.42
"675",-34.5810955154721,-58.5010115261624,13556.85,26.63
"676",-34.5811418677603,-58.50079958756,13576.97,24.72
"677",-34.5811882196697,-58.500587648778,13597.08,23.86
"678",-34.5812345712004,-58.5003757098163,13617.2,25.62
"679",-34.5812809223523,-58.5001637706751,13637.31,28.04
"680",-34.5813272731255,-58.4999518313542,13657.42,29.79
"681",-34.5813736235198,-58.4997398918538,13677.54,26.57
"682",-34.5814199735354,-58.4995279521737,13697.65,23.3
"683",-34.5814663231723,-58.4993160123141,13717.77,30.01
"684",-34.5815126724303,-58.4991040722749,13737.88,33.3
"685",-34.5815590213096,-58.4988921320561,13757.99,23.33
"686",-34.5816053698101,-58.4986801916578,13778.11,30.95
"687",-34.5816517179318,-58.4984682510799,13798.22,29.6
"688",-34.5816980656748,-58.4982563103224,13818.34,27.27
"689",-34.581744413039,-58.4980443693854,13838.45,27.97
"690",-34.5817907600243,-58.4978324282688,13858.56,27.32
"691",-34.5818371066309,-58.4976204869727,13878.68,27.57
"692",-34.5818834528588,-58.497408545497,13898.79,22.63
"693",-34.5819297987078,-58.4971966038419,13918.91,22.44
"694",-34.581976144178,-58.4969846620072,13939.02,25.68
"695",-34.5820224892694,-58.4967727199929,13959.13,26.74
"696",-34.5820688339821,-58.4965607777992,13979.25,25.55
"697",-34.5821151783159,-58.496348835426,13999.36,29.41
"698",-34.582161522271,-58.4961368928732,14019.48,27.98
"699",-34.5822078658473,-58.495924950141,14039.59,30.51
"700",-34.5822542090447,-58.4957130072292,14059.7,22.07
"701",-34.5823005518634,-58.495501064138,14079.82,25.77
"702",-34.5823468943032,-58.4952891208673,14099.93,28.38
"703",-34.5823932363643,-58.4950771774172,14120.05,31.74
"704",-34.5824395780465,-58.4948652337875,14140.16,28.91
"705",-34.5824859193499,-58.4946532899784,14160.27,43.26
"706",-34.5825322602746,-58.4944413459898,14180.39,29.43
"707",-34.5825786008204,-58.4942294018218,14200.5,30.02
"708",-34.5826249409874,-58.4940174574744,14220.62,30.93
"709",-34.5826712807755,-58.4938055129475,14240.73,32.14
"710",-34.5827176201849,-58.4935935682412,14260.84,32.48
"711",-34.5827639592155,-58.4933816233554,14280.96,30.25
"712",-34.5828102978672,-58.4931696782902,14301.07,27.43
"713",-34.5828566361401,-58.4929577330456,14321.19,23.13
"714",-34.5829029740342,-58.4927457876216,14341.3,23.53
"715",-34.5829493115494,-58.4925338420181,14361.41,29.21
"716",-34.5829956486859,-58.4923218962353,14381.53,25.91
"717",-34.5830419854435,-58.4921099502731,14401.64,24.89
"718",-34.5830883218222,-58.4918980041315,14421.76,30.89
"719",-34.5831346578222,-58.4916860578105,14441.87,31.02
"720",-34.5831809934433,-58.4914741113101,14461.98,22.29
"721",-34.5832273286856,-58.4912621646303,14482.1,36.19
"722",-34.583273663549,-58.4910502177712,14502.21,27.29
"723",-34.5833199980336,-58.4908382707327,14522.33,36.19
"724",-34.5833663321393,-58.4906263235149,14542.44,23.9
"725",-34.5834126658662,-58.4904143761177,14562.55,21.17
"726",-34.5834589992143,-58.4902024285412,14582.67,26.15
"727",-34.5835053321835,-58.4899904807853,14602.78,27.24
"728",-34.5835516647739,-58.4897785328501,14622.9,28.42
"729",-34.5835979969855,-58.4895665847355,14643.01,24.84
"730",-34.5836443288182,-58.4893546364416,14663.12,20.31
"731",-34.583690660272,-58.4891426879685,14683.24,26.03
"732",-34.583736991347,-58.488930739316,14703.35,25.55
"733",-34.5837833220431,-58.4887187904841,14723.47,23.18
"734",-34.5838296523603,-58.488506841473,14743.58,20.67
"735",-34.5838759822988,-58.4882948922826,14763.69,26.55
"736",-34.5839223118583,-58.4880829429129,14783.81,21.74
"737",-34.583968641039,-58.487870993364,14803.92,24.98
"738",-34.5840149698408,-58.4876590436357,14824.04,24.3
"739",-34.5840612982638,-58.4874470937282,14844.15,17.37
"740",-34.5841076263079,-58.4872351436414,14864.26,23.1
"741",-34.5841539539731,-58.4870231933753,14884.38,23.34
"742",-34.5842002812594,-58.48681124293,14904.49,17.68
"743",-34.5842466081669,-58.4865992923054,14924.61,25.07
"744",-34.5842929346955,-58.4863873415016,14944.72,23.63
"745",-34.5843392608453,-58.4861753905185,14964.83,28
"746",-34.5843855866161,-58.4859634393563,14984.95,22.64
"747",-34.5844319120081,-58.4857514880147,15005.06,20
"748",-34.5844782370212,-58.485539536494,15025.18,18.99
"749",-34.5845245616554,-58.485327584794,15045.29,21.17
"750",-34.5845708859108,-58.4851156329149,15065.4,22.25
"751",-34.5846172097872,-58.4849036808565,15085.52,17.36
"752",-34.5846635332848,-58.4846917286189,15105.63,20.62
"753",-34.5847098564034,-58.4844797762021,15125.75,24.25
"754",-34.5847561791432,-58.4842678236062,15145.86,22.68
"755",-34.5848025015041,-58.484055870831,15165.98,21.86
"756",-34.5848488234861,-58.4838439178767,15186.09,23.68
"757",-34.5848951450892,-58.4836319647432,15206.2,18.04
"758",-34.5849414663134,-58.4834200114305,15226.32,25.2
"759",-34.5849877871587,-58.4832080579387,15246.43,19.74
"760",-34.5850341076252,-58.4829961042677,15266.55,22.42
"761",-34.5850804277127,-58.4827841504175,15286.66,21.73
"762",-34.5851267474213,-58.4825721963882,15306.77,27.15
"763",-34.585173066751,-58.4823602421798,15326.89,21.16
"764",-34.5852193857018,-58.4821482877922,15347,18.99
"765",-34.5852657042737,-58.4819363332256,15367.12,20.97
"766",-34.5853120224666,-58.4817243784797,15387.23,21.07
"767",-34.5853583402807,-58.4815124235548,15407.34,20.07
"768",-34.5854046577159,-58.4813004684508,15427.46,19.91
"769",-34.5854509747721,-58.4810885131676,15447.57,26.35
"770",-34.5854972914494,-58.4808765577054,15467.69,24.73
"771",-34.5855436077478,-58.480664602064,15487.8,26.58
"772",-34.5855899236673,-58.4804526462436,15507.91,25.83
"773",-34.5856362392079,-58.4802406902441,15528.03,19.89
"774",-34.5856825543695,-58.4800287340655,15548.14,18.6
"775",-34.5857288691522,-58.4798167777078,15568.26,23
"776",-34.585775183556,-58.4796048211711,15588.37,23.7
"777",-34.5858214975809,-58.4793928644553,15608.48,24.43
"778",-34.5858678112268,-58.4791809075604,15628.6,23.74
"779",-34.5859141244938,-58.4789689504865,15648.71,33.71
"780",-34.5859604373819,-58.4787569932336,15668.83,26.73
"781",-34.586006749891,-58.4785450358016,15688.94,28.28
"782",-34.5860530620212,-58.4783330781905,15709.05,21.51
"783",-34.5860993737725,-58.4781211204005,15729.17,26.45
"784",-34.5861456851448,-58.4779091624314,15749.28,27.28
"785",-34.5861919961382,-58.4776972042833,15769.4,21.31
"786",-34.5862383067526,-58.4774852459562,15789.51,22.73
"787",-34.5862846169881,-58.4772732874501,15809.62,30.24
"788",-34.5863309268447,-58.477061328765,15829.74,24.86
"789",-34.5863772363223,-58.4768493699009,15849.85,28.88
"790",-34.5864235454209,-58.4766374108578,15869.97,30.35
"791",-34.5864698541406,-58.4764254516357,15890.08,28.57
"792",-34.5865161624813,-58.4762134922346,15910.19,22.06
"793",-34.5865624704431,-58.4760015326546,15930.31,25.44
"794",-34.586608778026,-58.4757895728956,15950.42,25.52
"795",-34.5866550852298,-58.4755776129577,15970.54,23.03
"796",-34.5867013920547,-58.4753656528407,15990.65,21.2
"797",-34.5867476985007,-58.4751536925449,16010.76,25.77
"798",-34.5867940045677,-58.4749417320701,16030.88,28.32
"799",-34.5868403102557,-58.4747297714163,16050.99,26.67
"800",-34.5868866155648,-58.4745178105836,16071.11,21.93
"801",-34.5869329204949,-58.474305849572,16091.22,25.15
"802",-34.586979225046,-58.4740938883815,16111.33,22.82
"803",-34.5870255292182,-58.473881927012,16131.45,22.21
"804",-34.5870718330113,-58.4736699654637,16151.56,24.55
"805",-34.5871181364255,-58.4734580037364,16171.68,26.98
"806",-34.5871644394608,-58.4732460418303,16191.79,28.51
"807",-34.587210742117,-58.4730340797452,16211.9,36.31
"808",-34.5872570443943,-58.4728221174812,16232.02,42.04
"809",-34.5873033462926,-58.4726101550384,16252.13,39.47
"810",-34.5873496478119,-58.4723981924167,16272.25,21.86
"811",-34.5873959489522,-58.4721862296161,16292.36,21.2
"812",-34.5874422497135,-58.4719742666366,16312.47,28.27
"813",-34.5874885500959,-58.4717623034783,16332.59,33.48
"814",-34.5875348500992,-58.4715503401412,16352.7,34.97
"815",-34.5875811497236,-58.4713383766251,16372.82,37.72
"816",-34.587627448969,-58.4711264129303,16392.93,24.59
"817",-34.5876737478354,-58.4709144490566,16413.04,21.93
"818",-34.5877200463228,-58.470702485004,16433.16,23.79
"819",-34.5877663444312,-58.4704905207727,16453.27,28.04
"820",-34.5878126421605,-58.4702785563625,16473.39,35.65
"821",-34.5878589395109,-58.4700665917735,16493.5,20.9
"822",-34.5879052364823,-58.4698546270057,16513.61,20.84
"823",-34.5879515330747,-58.4696426620591,16533.73,20.83
"824",-34.5879978292881,-58.4694306969337,16553.84,23.57
"825",-34.5880441251224,-58.4692187316294,16573.96,28
"826",-34.5880904205778,-58.4690067661464,16594.07,31.26
"827",-34.5881367156541,-58.4687948004847,16614.18,35.92
"828",-34.5881830103515,-58.4685828346441,16634.3,21.4
"829",-34.5882293046698,-58.4683708686248,16654.41,31.67
"830",-34.5882755986091,-58.4681589024267,16674.53,27.65
"831",-34.5883218921694,-58.4679469360498,16694.64,29.36
"832",-34.5883681853506,-58.4677349694942,16714.76,29.57
"833",-34.5884144781529,-58.4675230027598,16734.87,25.2
"834",-34.5884607705761,-58.4673110358467,16754.98,21.2
"835",-34.5885070626203,-58.4670990687549,16775.1,20.99
"836",-34.5885533542855,-58.4668871014843,16795.21,25.26
"837",-34.5885996455716,-58.466675134035,16815.33,26.31
"838",-34.5886459364788,-58.466463166407,16835.44,28.58
"839",-34.5886922270068,-58.4662511986002,16855.55,30.96
"840",-34.5887385171559,-58.4660392306148,16875.67,34.35
"841",-34.5887848069259,-58.4658272624506,16895.78,29.16
"842",-34.5888310963169,-58.4656152941077,16915.9,28.86
"843",-34.5888773853288,-58.4654033255862,16936.01,28.82
"844",-34.5889236739617,-58.465191356886,16956.12,21.22
"845",-34.5889699622156,-58.464979388007,16976.24,21.9
"846",-34.5890162500904,-58.4647674189494,16996.35,37.78
"847",-34.5890625375862,-58.4645554497132,17016.47,25
"848",-34.5891088247029,-58.4643434802982,17036.58,22.23
"849",-34.5891551114406,-58.4641315107046,17056.69,22.62
"850",-34.5892013977993,-58.4639195409324,17076.81,22.23
"851",-34.5892476837789,-58.4637075709815,17096.92,22.65
"852",-34.5892939693794,-58.4634956008519,17117.04,21.51
"853",-34.5893402546009,-58.4632836305437,17137.15,21.23
"854",-34.5893865394433,-58.4630716600569,17157.26,25.41
"855",-34.5894328239067,-58.4628596893915,17177.38,22.15
"856",-34.589479107991,-58.4626477185474,17197.49,20.9
"857",-34.5895253916962,-58.4624357475247,17217.61,20.65
"858",-34.5895716750224,-58.4622237763234,17237.72,20.79
"859",-34.5896179579695,-58.4620118049435,17257.83,20.16
"860",-34.5896642405376,-58.461799833385,17277.95,20.06
"861",-34.5897105227266,-58.4615878616479,17298.06,19.79
"862",-34.5897568045365,-58.4613758897323,17318.18,19.59
"863",-34.5898030859673,-58.461163917638,17338.29,19.51
"864",-34.5898493670191,-58.4609519453652,17358.4,19.39
"865",-34.5898956476918,-58.4607399729138,17378.52,19.71
"866",-34.5899419279854,-58.4605280002838,17398.63,19.61
"867",-34.5899882079,-58.4603160274753,17418.75,19.56
"868",-34.5900344874355,-58.4601040544882,17438.86,19.2
"869",-34.5900807665919,-58.4598920813225,17458.97,23.79
"870",-34.5901270453692,-58.4596801079784,17479.09,20.57
"871",-34.5901733237674,-58.4594681344556,17499.2,19.34
"872",-34.5902196017865,-58.4592561607544,17519.32,19.34
"873",-34.5902658794266,-58.4590441868746,17539.43,19.3
"874",-34.5903121566875,-58.4588322128163,17559.54,19.39
"875",-34.5903584335694,-58.4586202385795,17579.66,19.34
"876",-34.5904047100722,-58.4584082641642,17599.77,19.52
"877",-34.5904509861959,-58.4581962895704,17619.89,19.51
"878",-34.5904972619404,-58.457984314798,17640,19.83
"879",-34.5905435373059,-58.4577723398472,17660.11,19.58
"880",-34.5905898122923,-58.4575603647179,17680.23,19.41
"881",-34.5906360868996,-58.4573483894101,17700.34,19.31
"882",-34.5906823611278,-58.4571364139239,17720.46,19.37
"883",-34.5907286349769,-58.4569244382591,17740.57,19.54
"884",-34.5907749084469,-58.4567124624159,17760.68,19.51
"885",-34.5908211815378,-58.4565004863943,17780.8,20.02
"886",-34.5908674542495,-58.4562885101942,17800.91,20.02
"887",-34.5909137265822,-58.4560765338156,17821.03,20.33
"888",-34.5909599985357,-58.4558645572586,17841.14,20.4
"889",-34.5910062701102,-58.4556525805231,17861.25,27.71
"890",-34.5910525413055,-58.4554406036093,17881.37,21.19
"891",-34.5910988121217,-58.455228626517,17901.48,23.28
"892",-34.5911450825588,-58.4550166492462,17921.6,20.39
"893",-34.5911913526167,-58.4548046717971,17941.71,23.4
"894",-34.5912376222956,-58.4545926941696,17961.82,22.45
"895",-34.5912838915953,-58.4543807163636,17981.94,21.06
"896",-34.5913301605158,-58.4541687383793,18002.05,29.08
"897",-34.5913764290573,-58.4539567602165,18022.17,31.73
"898",-34.5914226972196,-58.4537447818754,18042.28,37.18
"899",-34.5914689650028,-58.4535328033559,18062.39,27.97
"900",-34.5915152324069,-58.453320824658,18082.51,23.95
"901",-34.5915614994319,-58.4531088457818,18102.62,23.37
"902",-34.5916077660777,-58.4528968667271,18122.74,20.98
"903",-34.5916540323443,-58.4526848874942,18142.85,22.17
"904",-34.5917002982318,-58.4524729080828,18162.96,19.6
"905",-34.5917465637402,-58.4522609284932,18183.08,16.27
"906",-34.5917928288695,-58.4520489487251,18203.19,18.06
"907",-34.5918390936196,-58.4518369687788,18223.31,15.81
"908",-34.5918853579905,-58.4516249886541,18243.42,14.83
"909",-34.5919316219823,-58.4514130083511,18263.54,23.73
"910",-34.591977885595,-58.4512010278697,18283.65,14.56
"911",-34.5920241488285,-58.4509890472101,18303.76,30.35
"912",-34.5920704116829,-58.4507770663721,18323.88,21.91
"913",-34.5921166741581,-58.4505650853559,18343.99,27.1
"914",-34.5921629362541,-58.4503531041613,18364.11,27.55
"915",-34.592209197971,-58.4501411227884,18384.22,25.51
"916",-34.5922554593087,-58.4499291412373,18404.33,25.7
"917",-34.5923017202673,-58.4497171595079,18424.45,16.71
"918",-34.5923479808467,-58.4495051776002,18444.56,20.77
"919",-34.592394241047,-58.4492931955142,18464.68,17.8
"920",-34.5924405008681,-58.44908121325,18484.79,12.92
"921",-34.59248676031,-58.4488692308075,18504.9,12.54
"922",-34.5925330193727,-58.4486572481867,18525.02,20.4
"923",-34.5925792780563,-58.4484452653877,18545.13,17.1
"924",-34.5926255363607,-58.4482332824105,18565.25,23.02
"925",-34.5926717942859,-58.448021299255,18585.36,28.72
"926",-34.592718051832,-58.4478093159213,18605.47,29.3
"927",-34.5927643089989,-58.4475973324094,18625.59,13.62
"928",-34.5928105657866,-58.4473853487193,18645.7,13.89
"929",-34.5928568221951,-58.4471733648509,18665.82,12.56
"930",-34.5929030782245,-58.4469613808043,18685.93,14.36
"931",-34.5929493338746,-58.4467493965796,18706.04,15.69
"932",-34.5929955891456,-58.4465374121766,18726.16,14.57
"933",-34.5930418440374,-58.4463254275955,18746.27,13.16
"934",-34.59308809855,-58.4461134428361,18766.39,10.47
"935",-34.5931343526834,-58.4459014578986,18786.5,19.93
"936",-34.5931806064376,-58.4456894727829,18806.61,14.72
"937",-34.5932268598126,-58.445477487489,18826.73,16.52
"938",-34.5932731128085,-58.445265502017,18846.84,17.79
"939",-34.5933193654251,-58.4450535163668,18866.96,15.76
"940",-34.5933656176625,-58.4448415305384,18887.07,16.82
"941",-34.5934118695208,-58.4446295445319,18907.18,16.21
"942",-34.5934581209998,-58.4444175583473,18927.3,8.45
"943",-34.5935043720997,-58.4442055719845,18947.41,9.61
"944",-34.5935506228203,-58.4439935854436,18967.53,19.04
"945",-34.5935968731617,-58.4437815987246,18987.64,14.93
"946",-34.5936431231239,-58.4435696118274,19007.75,20.43
"947",-34.5936893727069,-58.4433576247522,19027.87,14.4
"948",-34.5937356219107,-58.4431456374988,19047.98,14.78
"949",-34.5937818707353,-58.4429336500673,19068.1,7.8
"950",-34.5938281191806,-58.4427216624578,19088.21,9.5
"951",-34.5938743672468,-58.4425096746701,19108.32,10.42
"952",-34.5939206149337,-58.4422976867044,19128.44,15.25
"953",-34.5939668622414,-58.4420856985605,19148.55,13.74
"954",-34.5940131091699,-58.4418737102386,19168.67,12.85
"955",-34.5940593557192,-58.4416617217386,19188.78,17.53
"956",-34.5941056018892,-58.4414497330606,19208.89,36.83
"957",-34.59415184768,-58.4412377442045,19229.01,22.47
"958",-34.5941980930916,-58.4410257551704,19249.12,10.4
"959",-34.594244338124,-58.4408137659582,19269.24,15.96
"960",-34.5942905827771,-58.440601776568,19289.35,9.98
"961",-34.594336827051,-58.4403897869997,19309.46,19.1
"962",-34.5943830709457,-58.4401777972534,19329.58,17.15
"963",-34.5944293144611,-58.4399658073291,19349.69,15.19
"964",-34.5944755575973,-58.4397538172267,19369.81,17.41
"965",-34.5945218003542,-58.4395418269464,19389.92,12.42
"966",-34.5945680427319,-58.439329836488,19410.03,19.88
"967",-34.5946142847304,-58.4391178458516,19430.15,17.03
"968",-34.5946605263496,-58.4389058550373,19450.26,14.74
"969",-34.5947067675896,-58.4386938640449,19470.38,19.49
"970",-34.5947530084503,-58.4384818728746,19490.49,10.73
"971",-34.5947992489318,-58.4382698815263,19510.6,9.08
"972",-34.594845489034,-58.43805789,19530.72,14.66
"973",-34.594891728757,-58.4378458982957,19550.83,11.03
"974",-34.5949379681007,-58.4376339064135,19570.95,15.21
"975",-34.5949842070651,-58.4374219143533,19591.06,17.92
"976",-34.5950304456503,-58.4372099221152,19611.17,15.02
"977",-34.5950766838563,-58.4369979296991,19631.29,15.09
"978",-34.595122921683,-58.4367859371051,19651.4,19.75
"979",-34.5951691591304,-58.4365739443331,19671.52,18.28
"980",-34.5952153961985,-58.4363619513833,19691.63,11.77
"981",-34.5952616328874,-58.4361499582554,19711.74,9.9
"982",-34.5953078691971,-58.4359379649497,19731.86,18.38
"983",-34.5953541051274,-58.4357259714661,19751.97,16.74
"984",-34.5954003406785,-58.4355139778045,19772.09,17.61
"985",-34.5954465758503,-58.4353019839651,19792.2,15.09
"986",-34.5954928106428,-58.4350899899477,19812.31,17.82
"987",-34.5955390450561,-58.4348779957525,19832.43,20.43
"988",-34.5955852790901,-58.4346660013794,19852.54,20.65
"989",-34.5956315127448,-58.4344540068284,19872.66,10.41
"990",-34.5956777460202,-58.4342420120995,19892.77,15.24
"991",-34.5957239789163,-58.4340300171928,19912.89,17.06
"992",-34.5957702114332,-58.4338180221082,19933,21.07
"993",-34.5958164435708,-58.4336060268457,19953.11,18.33
"994",-34.595862675329,-58.4333940314054,19973.23,15.98
"995",-34.595908906708,-58.4331820357872,19993.34,14.86
"996",-34.5959551377077,-58.4329700399912,20013.46,15.61
"997",-34.5960013683282,-58.4327580440174,20033.57,10.75
"998",-34.5960475985693,-58.4325460478657,20053.68,16.85
"999",-34.5960938284311,-58.4323340515362,20073.8,19.5
"1000",-34.5961400579136,-58.4321220550289,20093.91,18.94
"1001",-34.5961862870168,-58.4319100583438,20114.03,13.33
"1002",-34.5962325157408,-58.4316980614809,20134.14,17.82
"1003",-34.5962787440854,-58.4314860644402,20154.25,20.31
"1004",-34.5963249720507,-58.4312740672216,20174.37,15.07
"1005",-34.5963711996367,-58.4310620698253,20194.48,20.06
"1006",-34.5964174268434,-58.4308500722512,20214.6,17.09
"1007",-34.5964636536708,-58.4306380744994,20234.71,19.89
"1008",-34.5965098801189,-58.4304260765697,20254.82,21.98
"1009",-34.5965561061877,-58.4302140784623,20274.94,22.43
"1010",-34.5966023318771,-58.4300020801771,20295.05,22.74
"1011",-34.5966485571873,-58.4297900817142,20315.17,17.22
"1012",-34.5966947821181,-58.4295780830735,20335.28,20
"1013",-34.5967410066696,-58.4293660842551,20355.39,23.53
"1014",-34.5967872308418,-58.4291540852589,20375.51,22.54
"1015",-34.5968334546346,-58.428942086085,20395.62,22.76
"1016",-34.5968796780482,-58.4287300867334,20415.74,24.67
"1017",-34.5969259010824,-58.428518087204,20435.85,32.86
"1018",-34.5969721237373,-58.4283060874969,20455.96,15.57
"1019",-34.5970183460129,-58.4280940876121,20476.08,25.21
"1020",-34.5970645679091,-58.4278820875496,20496.19,24.01
"1021",-34.597110789426,-58.4276700873094,20516.31,23.61
"1022",-34.5971570105636,-58.4274580868915,20536.42,19.39
"1023",-34.5972032313218,-58.427246086296,20556.53,16.14
"1024",-34.5972494517007,-58.4270340855227,20576.65,22.3
"1025",-34.5972956717002,-58.4268220845718,20596.76,16.04
"1026",-34.5973418913204,-58.4266100834432,20616.88,18.05
"1027",-34.5973881105613,-58.4263980821369,20636.99,17.34
"1028",-34.5974343294228,-58.4261860806529,20657.1,23.07
"1029",-34.597480547905,-58.4259740789913,20677.22,23.73
"1030",-34.5975267660079,-58.4257620771521,20697.33,25.45
"1031",-34.5975729837314,-58.4255500751352,20717.45,29.99
"1032",-34.5976192010755,-58.4253380729406,20737.56,27.39
"1033",-34.5976654180403,-58.4251260705685,20757.67,28.04
"1034",-34.5977116346257,-58.4249140680187,20777.79,14.98
"1035",-34.5977578508318,-58.4247020652913,20797.9,15.76
"1036",-34.5978040666585,-58.4244900623862,20818.02,16.8
"1037",-34.5978502821059,-58.4242780593036,20838.13,15.11
"1038",-34.5978964971739,-58.4240660560433,20858.24,15.66
"1039",-34.5979427118625,-58.4238540526055,20878.36,28.58
"1040",-34.5979889261718,-58.42364204899,20898.47,26.35
"1041",-34.5980351401017,-58.423430045197,20918.59,23.88
"1042",-34.5980813536522,-58.4232180412264,20938.7,23.42
"1043",-34.5981275668234,-58.4230060370782,20958.81,23.65
"1044",-34.5981737796152,-58.4227940327524,20978.93,25.54
"1045",-34.5982199920277,-58.422582028249,20999.04,27.24
"1046",-34.5982662040607,-58.4223700235681,21019.16,22.15
"1047",-34.5983124157144,-58.4221580187097,21039.27,36.75
"1048",-34.5983586269887,-58.4219460136737,21059.38,27.13
"1049",-34.5984048378837,-58.4217340084601,21079.5,45.37
"1050",-34.5984510483992,-58.4215220030691,21099.61,31.9
"1051",-34.5984972585354,-58.4213099975004,21119.73,34.51
"1052",-34.5985434682922,-58.4210979917543,21139.84,41.74
"1053",-34.5985896776696,-58.4208859858306,21159.95,25.65
"1054",-34.5986358866676,-58.4206739797294,21180.07,26.5
"1055",-34.5986820952862,-58.4204619734507,21200.18,27.59
"1056",-34.5987283035255,-58.4202499669945,21220.3,34.39
"1057",-34.5987745113853,-58.4200379603608,21240.41,41.11
"1058",-34.5988207188658,-58.4198259535496,21260.52,27.51
"1059",-34.5988669259668,-58.4196139465609,21280.64,25.82
"1060",-34.5989131326885,-58.4194019393947,21300.75,28.73
"1061",-34.5989593390307,-58.4191899320511,21320.87,30.85
"1062",-34.5990055449936,-58.41897792453,21340.98,35.83
"1063",-34.5990517505771,-58.4187659168314,21361.09,27.87
"1064",-34.5990979557811,-58.4185539089553,21381.21,29.72
"1065",-34.5991441606058,-58.4183419009018,21401.32,30.53
"1066",-34.599190365051,-58.4181298926709,21421.44,26.83
"1067",-34.5992365691169,-58.4179178842625,21441.55,27.76
"1068",-34.5992827728033,-58.4177058756766,21461.67,27.24
"1069",-34.5993289761103,-58.4174938669134,21481.78,28.56
"1070",-34.599375179038,-58.4172818579727,21501.89,26.78
"1071",-34.5994213815861,-58.4170698488546,21522.01,25.85
"1072",-34.5994675837549,-58.416857839559,21542.12,26.99
"1073",-34.5995137855443,-58.4166458300861,21562.24,31.8
"1074",-34.5995599869542,-58.4164338204357,21582.35,26.21
"1075",-34.5996061879847,-58.416221810608,21602.46,24.65
"1076",-34.5996523886358,-58.4160098006029,21622.58,26.64
"1077",-34.5996985889075,-58.4157977904203,21642.69,26.41
"1078",-34.5997447887998,-58.4155857800604,21662.81,28.45
"1079",-34.5997909883126,-58.4153737695231,21682.92,25.81
"1080",-34.599837187446,-58.4151617588084,21703.03,28.08
"1081",-34.5998833861999,-58.4149497479164,21723.15,19.62
"1082",-34.5999295845745,-58.414737736847,21743.26,26.54
"1083",-34.5999757825695,-58.4145257256003,21763.38,26.99
"1084",-34.6000219801852,-58.4143137141762,21783.49,27.34
"1085",-34.6000681774214,-58.4141017025748,21803.6,32.41
"1086",-34.6001143742782,-58.413889690796,21823.72,30.24
"1087",-34.6001605707555,-58.4136776788399,21843.83,25.89
"1088",-34.6002067668534,-58.4134656667065,21863.95,25.17
"1089",-34.6002529625719,-58.4132536543957,21884.06,24.87
"1090",-34.6002991579109,-58.4130416419076,21904.17,30.7
"1091",-34.6003453528704,-58.4128296292423,21924.29,34.65
"1092",-34.6003915474505,-58.4126176163996,21944.4,40.72
"1093",-34.6004377416512,-58.4124056033796,21964.52,32.74
"1094",-34.6004839354724,-58.4121935901823,21984.63,28.18
"1095",-34.6005301289142,-58.4119815768078,22004.74,27.35
"1096",-34.6005763219765,-58.4117695632559,22024.86,25.42
"1097",-34.6006225146593,-58.4115575495268,22044.97,32.6
"1098",-34.6006687069627,-58.4113455356204,22065.09,23.55
"1099",-34.6007148988866,-58.4111335215367,22085.2,22.83
"1100",-34.6007610904311,-58.4109215072758,22105.31,20.56
"1101",-34.6008072815961,-58.4107094928376,22125.43,22.12
"1102",-34.6008534723816,-58.4104974782222,22145.54,26.46
"1103",-34.6008996627876,-58.4102854634296,22165.66,21.72
"1104",-34.6009458528142,-58.4100734484596,22185.77,20.59
"1105",-34.6009920424614,-58.4098614333125,22205.88,22.67
"1106",-34.601038231729,-58.4096494179882,22226,20.08
"1107",-34.6010844206172,-58.4094374024866,22246.11,18.99
"1108",-34.6011306091259,-58.4092253868078,22266.23,19.75
"1109",-34.6011767972551,-58.4090133709518,22286.34,25.09
"1110",-34.6012229850048,-58.4088013549186,22306.45,22.77
"1111",-34.6012691723751,-58.4085893387082,22326.57,22.06
"1112",-34.6013153593659,-58.4083773223206,22346.68,21.27
"1113",-34.6013615459772,-58.4081653057558,22366.8,34.6
"1114",-34.601407732209,-58.4079532890138,22386.91,21.11
"1115",-34.6014539180613,-58.4077412720947,22407.02,23.25
"1116",-34.6015001035341,-58.4075292549984,22427.14,23.1
"1117",-34.6015462886275,-58.4073172377249,22447.25,22.04
"1118",-34.6015924733413,-58.4071052202742,22467.37,22.84
"1119",-34.6016386576757,-58.4068932026464,22487.48,11.15
"1120",-34.6016848416306,-58.4066811848415,22507.59,16.7
"1121",-34.6017310252059,-58.4064691668594,22527.71,20.81
"1122",-34.6017772084018,-58.4062571487002,22547.82,16.34
"1123",-34.6018233912182,-58.4060451303638,22567.94,15.58
"1124",-34.601869573655,-58.4058331118504,22588.05,18.22
"1125",-34.6019157557124,-58.4056210931598,22608.16,23.49
"1126",-34.6019619373903,-58.4054090742921,22628.28,30.93
"1127",-34.6020081186886,-58.4051970552472,22648.39,28.72
"1128",-34.6020542996075,-58.4049850360253,22668.51,22.1
"1129",-34.6021004801468,-58.4047730166263,22688.62,23.89
"1130",-34.6021466603066,-58.4045609970502,22708.73,30.04
"1131",-34.6021928400869,-58.404348977297,22728.85,24.54
"1132",-34.6022390194877,-58.4041369573667,22748.96,23.5
"1133",-34.602285198509,-58.4039249372593,22769.08,26.26
"1134",-34.6023313771507,-58.4037129169749,22789.19,24.39
"1135",-34.602377555413,-58.4035008965134,22809.3,20.87
"1136",-34.6024237332957,-58.4032888758749,22829.42,21.46
"1137",-34.6024699107989,-58.4030768550593,22849.53,21.35
"1138",-34.6025160879226,-58.4028648340666,22869.65,20.94
"1139",-34.6025622646667,-58.4026528128969,22889.76,33.91
"1140",-34.6026084410313,-58.4024407915502,22909.87,37.72
"1141",-34.6026546170164,-58.4022287700264,22929.99,13.14
"1142",-34.6027007926219,-58.4020167483256,22950.1,20.55
"1143",-34.602746967848,-58.4018047264478,22970.22,38.15
"1144",-34.6027931426944,-58.401592704393,22990.33,37.98
"1145",-34.6028393171614,-58.4013806821612,23010.45,24.43
"1146",-34.6028854912488,-58.4011686597524,23030.56,23.05
"1147",-34.6029316649567,-58.4009566371665,23050.67,22.66
"1148",-34.602977838285,-58.4007446144037,23070.79,24.09
"1149",-34.6030240112338,-58.4005325914639,23090.9,25.83
"1150",-34.603070183803,-58.4003205683471,23111.02,25.43
"1151",-34.6031163559927,-58.4001085450533,23131.13,26.88
"1152",-34.6031625278029,-58.3998965215826,23151.24,13.47
"1153",-34.6032086992335,-58.3996844979349,23171.36,22.75
"1154",-34.6032548702845,-58.3994724741103,23191.47,30.66
"1155",-34.603301040956,-58.3992604501087,23211.59,16.45
"1156",-34.6033472112479,-58.3990484259301,23231.7,15.99
"1157",-34.6033933811603,-58.3988364015746,23251.81,29.6
"1158",-34.6034395506931,-58.3986243770422,23271.93,28.79
"1159",-34.6034857198464,-58.3984123523328,23292.04,19.45
"1160",-34.6035318886201,-58.3982003274465,23312.16,20.86
"1161",-34.6035780570142,-58.3979883023833,23332.27,23.64
"1162",-34.6036242250288,-58.3977762771432,23352.38,27.39
"1163",-34.6036703926638,-58.3975642517262,23372.5,24.92
"1164",-34.6037165599193,-58.3973522261323,23392.61,30.97
"1165",-34.6037627267951,-58.3971402003614,23412.73,31.01
"1166",-34.6038088932914,-58.3969281744137,23432.84,31.75
"1167",-34.6038550594082,-58.3967161482891,23452.95,25.49
"1168",-34.6039012251453,-58.3965041219876,23473.07,25.73
"1169",-34.6039473905029,-58.3962920955093,23493.18,24.97
"1170",-34.6039935554809,-58.396080068854,23513.3,30.35
"1171",-34.6040397200793,-58.395868042022,23533.41,32.47
"1172",-34.6040858842982,-58.395656015013,23553.52,35.88
"1173",-34.6041320481374,-58.3954439878272,23573.64,35
"1174",-34.6041782115971,-58.3952319604646,23593.75,32.24
"1175",-34.6042243746772,-58.3950199329251,23613.87,53.37
"1176",-34.6042705373777,-58.3948079052088,23633.98,43.86
"1177",-34.6043166996986,-58.3945958773156,23654.09,61.19
"1178",-34.6043628616399,-58.3943838492456,23674.21,28.07
"1179",-34.6044090232016,-58.3941718209988,23694.32,26.52
"1180",-34.6044551843838,-58.3939597925752,23714.44,23.39
"1181",-34.6045013451863,-58.3937477639748,23734.55,27.18
"1182",-34.6045475056093,-58.3935357351976,23754.66,41.42
"1183",-34.6045936656526,-58.3933237062436,23774.78,48.83
"1184",-34.6046398253163,-58.3931116771128,23794.89,67.69
"1185",-34.6046859846005,-58.3928996478052,23815.01,58
"1186",-34.604732143505,-58.3926876183208,23835.12,58.04
"1187",-34.6047783020299,-58.3924755886597,23855.23,51.31
"1188",-34.6048244601753,-58.3922635588218,23875.35,42.45
"1189",-34.604870617941,-58.3920515288071,23895.46,49.69
"1190",-34.6049167753271,-58.3918394986157,23915.58,37.41
"1191",-34.6049629323336,-58.3916274682475,23935.69,36.11
"1192",-34.6050090889604,-58.3914154377026,23955.8,29.26
"1193",-34.6050552452077,-58.3912034069809,23975.92,32.45
"1194",-34.6051014010754,-58.3909913760825,23996.03,45.99
"1195",-34.6051475565634,-58.3907793450074,24016.15,37.95
"1196",-34.6051937116718,-58.3905673137555,24036.26,37.36
"1197",-34.6052398664006,-58.3903552823269,24056.37,28.31
"1198",-34.6052860207497,-58.3901432507217,24076.49,23.25
"1199",-34.6053321747193,-58.3899312189397,24096.6,27.11
"1200",-34.6053783283092,-58.389719186981,24116.72,26.68
"1201",-34.6054244815194,-58.3895071548456,24136.83,21.54
"1202",-34.6054706343501,-58.3892951225335,24156.94,19.58
"1203",-34.6055167868011,-58.3890830900447,24177.06,45.46
"1204",-34.6055629388725,-58.3888710573793,24197.17,45.97
"1205",-34.6056090905642,-58.3886590245372,24217.29,43.54
"1206",-34.6056552418764,-58.3884469915184,24237.4,26.85
"1207",-34.6057013928088,-58.388234958323,24257.51,35.17
"1208",-34.6057475433617,-58.3880229249509,24277.63,32.79
"1209",-34.6057936935348,-58.3878108914021,24297.74,39.73
"1210",-34.6058398433284,-58.3875988576767,24317.86,31.75
"1211",-34.6058859927423,-58.3873868237747,24337.97,30.06
"1212",-34.6059321417765,-58.387174789696,24358.08,26.48
"1213",-34.6059782904312,-58.3869627554407,24378.2,38.67
"1214",-34.6060244387061,-58.3867507210088,24398.31,29.48
"1215",-34.6060705866014,-58.3865386864002,24418.43,23.54
"1216",-34.6061167341171,-58.3863266516151,24438.54,23.82
"1217",-34.6061628812531,-58.3861146166533,24458.65,30.97
"1218",-34.6062090280094,-58.3859025815149,24478.77,23.34
"1219",-34.6062551743861,-58.3856905462,24498.88,23.48
"1220",-34.6063013203831,-58.3854785107084,24519,23.47
"1221",-34.6063474660005,-58.3852664750403,24539.11,10.04
"1222",-34.6063936112382,-58.3850544391956,24559.22,19.44
"1223",-34.6064397560962,-58.3848424031743,24579.34,45.1
"1224",-34.6064859005746,-58.3846303669765,24599.45,44.7
"1225",-34.6065320446733,-58.3844183306021,24619.57,39.51
"1226",-34.6065781883923,-58.3842062940511,24639.68,30.72
"1227",-34.6066243317317,-58.3839942573236,24659.8,29.87
"1228",-34.6066704746914,-58.3837822204195,24679.91,29.4
"1229",-34.6067166172714,-58.3835701833389,24700.02,23.5
"1230",-34.6067627594717,-58.3833581460818,24720.14,29.53
"1231",-34.6068089012924,-58.3831461086481,24740.25,31.72
"1232",-34.6068550427333,-58.382934071038,24760.37,56.01
"1233",-34.6069011837946,-58.3827220332513,24780.48,44.24
"1234",-34.6069473244762,-58.382509995288,24800.59,50.88
"1235",-34.6069934647782,-58.3822979571483,24820.71,42.26
"1236",-34.6070396047004,-58.3820859188321,24840.82,20.72
"1237",-34.607085744243,-58.3818738803394,24860.94,34.22
"1238",-34.6071318834058,-58.3816618416702,24881.05,23.64
"1239",-34.607178022189,-58.3814498028245,24901.16,20.01
"1240",-34.6072241605925,-58.3812377638023,24921.28,19.97
"1241",-34.6072702986163,-58.3810257246037,24941.39,20.32
"1242",-34.6073164362604,-58.3808136852286,24961.51,20.38
"1243",-34.6073625735248,-58.380601645677,24981.62,61
"1244",-34.6074087104094,-58.380389605949,25001.73,62.41
"1245",-34.6074548469144,-58.3801775660446,25021.85,51.34
"1246",-34.6075009830397,-58.3799655259637,25041.96,32.41
"1247",-34.6075471187853,-58.3797534857063,25062.08,37.29
"1248",-34.6075932541512,-58.3795414452725,25082.19,45.4
"1249",-34.6076393891374,-58.3793294046623,25102.3,38.52
"1250",-34.6076855237438,-58.3791173638757,25122.42,38.27
"1251",-34.6077316579706,-58.3789053229126,25142.53,33.05
"1252",-34.6077777918176,-58.3786932817732,25162.65,34.83
"1253",-34.6078239252849,-58.3784812404573,25182.76,22.58
"1254",-34.6078700583726,-58.378269198965,25202.87,21.91
"1255",-34.6079161910805,-58.3780571572964,25222.99,23.2
"1256",-34.6079623234086,-58.3778451154513,25243.1,34.51
"1257",-34.6080084553571,-58.3776330734299,25263.22,35.31
"1258",-34.6080545869258,-58.3774210312321,25283.33,35.47
"1259",-34.6081007181148,-58.3772089888579,25303.44,36.79
"1260",-34.6081468489241,-58.3769969463074,25323.56,33.2
"1261",-34.6081929793537,-58.3767849035805,25343.67,41.04
"1262",-34.6082391094035,-58.3765728606772,25363.79,24.26
"1263",-34.6082852390736,-58.3763608175976,25383.9,18.17
"1264",-34.6083313683639,-58.3761487743416,25404.01,37.63
"1265",-34.6083774972746,-58.3759367309093,25424.13,46.31
"1266",-34.6084236258055,-58.3757246873007,25444.24,44.03
"1267",-34.6084697539566,-58.3755126435158,25464.36,44.54
"1268",-34.608515881728,-58.3753005995545,25484.47,42.59
"1269",-34.6085620091197,-58.3750885554169,25504.58,38.25
"1270",-34.6086081361317,-58.374876511103,25524.7,17.54
"1271",-34.6086542627638,-58.3746644666128,25544.81,35.8
"1272",-34.6087003890163,-58.3744524219463,25564.93,42.45
"1273",-34.608746514889,-58.3742403771035,25585.04,50.9
"1274",-34.6087926403819,-58.3740283320844,25605.15,26.58
"1275",-34.6088387654951,-58.3738162868891,25625.27,20.71
"1276",-34.6088848902286,-58.3736042415174,25645.38,27.85
"1277",-34.6089310145823,-58.3733921959695,25665.5,18.4
"1278",-34.6089771385562,-58.3731801502454,25685.61,18.26
"1279",-34.6090232621504,-58.3729681043449,25705.72,18.5
"1280",-34.6090693853648,-58.3727560582682,25725.84,36.53
"1281",-34.6091155081995,-58.3725440120153,25745.95,57.72
"1282",-34.6091616306544,-58.3723319655861,25766.07,61.52
"1283",-34.6092077527295,-58.3721199189807,25786.18,58.79
"1284",-34.6092538744249,-58.371907872199,25806.29,60.04
"1285",-34.6092999957405,-58.3716958252411,25826.41,59.84
"1286",-34.6093461166764,-58.371483778107,25846.52,58.31
"1287",-34.6093922372324,-58.3712717307967,25866.64,56.93
"1288",-34.6094383574087,-58.3710596833102,25886.75,60.88
"1289",-34.6094844772053,-58.3708476356475,25906.86,52.89
"1290",-34.609530596622,-58.3706355878086,25926.98,53.82
"1291",-34.609576715659,-58.3704235397934,25947.09,60.6
"1292",-34.6096228343162,-58.3702114916021,25967.21,52.67
"1293",-34.6096689525936,-58.3699994432346,25987.32,55.86
"1294",-34.6097150704912,-58.369787394691,26007.43,58
"1295",-34.6097611880091,-58.3695753459711,26027.55,4.65
"1296",-34.6098073051472,-58.3693632970752,26047.66,8.47
"1297",-34.6098534219054,-58.369151248003,26067.78,14.18
"1298",-34.6098995382839,-58.3689391987547,26087.89,7.46
"1299",-34.6099456542826,-58.3687271493302,26108,8.95
"1300",-34.6099917699016,-58.3685150997296,26128.12,8.24
"1301",-34.6100378851407,-58.3683030499529,26148.23,8.16
"1302",-34.610084,-58.368091,26168.35,48.26
